{
  "$schema": "https://clawhub.ai/schemas/skill.json",
  "name": "cinematic-script-writer",
  "version": "1.3.0",
  "description": "Create professional cinematic scripts with full consistency and storage integration. Save all content to Google Drive with organized folders. Includes character/voice/environment consistency, comprehensive cinematography, and YouTube metadata.",
  "author": "Praveen Kumar",
  "license": "MIT",
  "entry": "index.ts",
  "config": {
    "schema": "schema.json",
    "required": false
  },
  "permissions": [
    "memory:read",
    "memory:write",
    "http:request"
  ],
  "tools": [
    {
      "name": "createContext",
      "description": "Create a new story context with characters, era, period, and video type"
    },
    {
      "name": "listContexts",
      "description": "List all saved story contexts"
    },
    {
      "name": "getContext",
      "description": "Get details of a specific context"
    },
    {
      "name": "deleteContext",
      "description": "Delete a story context"
    },
    {
      "name": "generateStoryIdeas",
      "description": "Generate story ideas based on selected context"
    },
    {
      "name": "createCinematicScript",
      "description": "Create full cinematic script with cinematography, camera angles, prompts for images and videos"
    },
    {
      "name": "generateYouTubeMetadata",
      "description": "Generate YouTube title, description, and SEO tags for the script"
    },
    {
      "name": "exportScript",
      "description": "Export script as JSON, text, or markdown"
    },
    {
      "name": "askStorageLocation",
      "description": "Ask user where to store generated files (Google Drive or Local)"
    },
    {
      "name": "connectGoogleDrive",
      "description": "Connect to Google Drive for storing files"
    },
    {
      "name": "connectLocalStorage",
      "description": "Configure local storage (downloads)"
    },
    {
      "name": "disconnectStorage",
      "description": "Disconnect from storage"
    },
    {
      "name": "getStorageStatus",
      "description": "Check storage connection status"
    },
    {
      "name": "saveToStorage",
      "description": "Save all content to configured storage"
    },
    {
      "name": "saveScriptToStorage",
      "description": "Save complete script with all assets to storage"
    },
    {
      "name": "saveAllToGoogleDrive",
      "description": "Quick save to Google Drive with one call"
    },
    {
      "name": "createCharacterReference",
      "description": "Create detailed character reference sheet for visual consistency"
    },
    {
      "name": "getCharacterReference",
      "description": "Get character reference sheet"
    },
    {
      "name": "updateCharacterReference",
      "description": "Update character reference with new details"
    },
    {
      "name": "generateCharacterConsistencyPrompt",
      "description": "Generate consistency prompt string for image generation"
    },
    {
      "name": "createVoiceProfile",
      "description": "Create voice profile for character voice consistency"
    },
    {
      "name": "getVoiceProfile",
      "description": "Get voice profile for a character"
    },
    {
      "name": "generateVoiceGuidelines",
      "description": "Generate voice guidelines for dialogue writing"
    },
    {
      "name": "createEnvironmentStyleGuide",
      "description": "Create environment style guide for era-appropriate consistency"
    },
    {
      "name": "getEnvironmentGuide",
      "description": "Get environment style guide"
    },
    {
      "name": "generateEnvironmentConsistencyPrompt",
      "description": "Generate environment consistency prompt"
    },
    {
      "name": "buildConsistentPrompts",
      "description": "Build image/video prompts with full character and environment consistency"
    },
    {
      "name": "validatePrompt",
      "description": "Validate prompt for anachronisms and consistency issues"
    },
    {
      "name": "setupContextWithConsistency",
      "description": "Setup complete context with all consistency guides"
    },
    {
      "name": "getAllCameraAngles",
      "description": "Get all 20+ camera angles with emotional impact and usage guidelines"
    },
    {
      "name": "getCameraAngle",
      "description": "Get specific camera angle details"
    },
    {
      "name": "getAnglesByEmotion",
      "description": "Get camera angles by emotional impact"
    },
    {
      "name": "getAllCameraMovements",
      "description": "Get all camera movements with descriptions"
    },
    {
      "name": "getCameraMovement",
      "description": "Get specific camera movement details"
    },
    {
      "name": "getAllShotTypes",
      "description": "Get all 25+ shot types with framing and emotional impact"
    },
    {
      "name": "getShotType",
      "description": "Get specific shot type details"
    },
    {
      "name": "getRecommendedCameraSetup",
      "description": "Get recommended camera setup for scene type and mood"
    },
    {
      "name": "suggestCameraTechnique",
      "description": "Suggest camera techniques for specific purpose"
    },
    {
      "name": "getAllLightingTechniques",
      "description": "Get all 30+ lighting techniques"
    },
    {
      "name": "getLightingTechnique",
      "description": "Get specific lighting technique details"
    },
    {
      "name": "suggestLighting",
      "description": "Suggest lighting for scene type and mood"
    },
    {
      "name": "getAllCompositionRules",
      "description": "Get all 20+ composition rules"
    },
    {
      "name": "getCompositionRule",
      "description": "Get specific composition rule"
    },
    {
      "name": "getAllColorGradingStyles",
      "description": "Get all 20+ color grading styles"
    },
    {
      "name": "getColorGradingStyle",
      "description": "Get specific color grading style"
    },
    {
      "name": "suggestColorGrading",
      "description": "Suggest color grading for genre"
    },
    {
      "name": "getAllVisualAesthetics",
      "description": "Get all 25+ visual aesthetics"
    },
    {
      "name": "getVisualAesthetic",
      "description": "Get specific visual aesthetic"
    },
    {
      "name": "getAestheticsByType",
      "description": "Get aesthetics by type (animation, live-action, artistic, genre)"
    },
    {
      "name": "getAllGenreCinematography",
      "description": "Get cinematography conventions for all genres"
    },
    {
      "name": "getGenreCinematography",
      "description": "Get cinematography for specific genre"
    },
    {
      "name": "getIndianCinematography",
      "description": "Get Indian cinematography styles"
    },
    {
      "name": "getSceneCinematographyPackage",
      "description": "Get complete cinematography package for a scene"
    },
    {
      "name": "generateCinematicPrompt",
      "description": "Generate enhanced image prompt with cinematography details"
    },
    {
      "name": "searchCinematography",
      "description": "Search all cinematography techniques"
    },
    {
      "name": "suggestVisualStyle",
      "description": "Suggest visual style based on content type and audience"
    }
  ],
  "tags": [
    "creative",
    "video",
    "script",
    "cinematography",
    "youtube",
    "camera",
    "lighting",
    "consistency",
    "character-design",
    "voice",
    "era-accurate",
    "storage",
    "google-drive"
  ],
  "dependencies": {}
}
