{
  "outputStyle": "Personal Assistant",
  "hooks": {
    "UserPromptSubmit": [
      {
        "hooks": [
          {
            "type": "command",
            "command": "uv run python ${CLAUDE_PLUGIN_ROOT}/hooks/load_context_system.py"
          }
        ]
      }
    ],
    "Stop": [
      {
        "hooks": [
          {
            "type": "command",
            "command": "uv run python ${CLAUDE_PLUGIN_ROOT}/hooks/play_notification.py"
          }
        ]
      }
    ],
    "Notification": [
      {
        "matcher": "permission_prompt",
        "hooks": [
          {
            "type": "command",
            "command": "uv run python ${CLAUDE_PLUGIN_ROOT}/hooks/play_notification.py"
          }
        ]
      },
      {
        "matcher": "idle_prompt",
        "hooks": [
          {
            "type": "command",
            "command": "uv run python ${CLAUDE_PLUGIN_ROOT}/hooks/play_notification.py"
          }
        ]
      }
    ]
  }
}
