{
  "$schema": "https://clawhub.ai/schemas/skill.json",
  "name": "file-manager-skill",
  "version": "1.0.0",
  "description": "Read, write, and manage files",
  "author": "You",
  "license": "MIT",
  "entry": "index.ts",
  "config": {
    "schema": "schema.json",
    "required": false
  },
  "permissions": ["fs:read", "fs:write", "fs:delete"],
  "tools": [
    { "name": "readFile", "description": "Read file contents" },
    { "name": "writeFile", "description": "Write to a file" },
    { "name": "listFiles", "description": "List files in a directory" },
    { "name": "deleteFile", "description": "Delete a file" }
  ],
  "tags": ["filesystem", "utility"]
}
