{
  "$schema": "https://clawhub.ai/schemas/skill.json",
  "name": "skill-template",
  "version": "1.0.0",
  "description": "Template for creating OpenClaw skills",
  "author": "Your Name",
  "license": "MIT",
  "entry": "index.ts",
  "config": {
    "schema": "schema.json",
    "required": false
  },
  "permissions": [
    "fs:read",
    "fs:write",
    "http:request"
  ],
  "tools": [
    {
      "name": "greet",
      "description": "Greets the user with a personalized message"
    },
    {
      "name": "calculate",
      "description": "Performs a calculation"
    }
  ],
  "dependencies": {},
  "tags": ["template", "example"]
}
