{
  "$schema": "https://clawhub.ai/schemas/skill.json",
  "name": "weather-skill",
  "version": "1.0.0",
  "description": "Get weather information for any location",
  "author": "You",
  "license": "MIT",
  "entry": "index.ts",
  "config": {
    "schema": "schema.json",
    "required": ["apiKey"]
  },
  "permissions": ["http:request", "fs:read"],
  "tools": [
    {
      "name": "getCurrentWeather",
      "description": "Get current weather for a location"
    },
    {
      "name": "getForecast",
      "description": "Get 5-day weather forecast"
    }
  ],
  "dependencies": {},
  "tags": ["weather", "api", "utility"]
}
