{
  "$schema": "https://clawhub.ai/schemas/skill.json",
  "name": "todo-skill",
  "version": "1.0.0",
  "description": "Simple todo list management with persistent storage",
  "author": "You",
  "license": "MIT",
  "entry": "index.ts",
  "config": {
    "schema": "schema.json",
    "required": false
  },
  "permissions": ["fs:read", "fs:write"],
  "tools": [
    { "name": "addTodo", "description": "Add a new todo item" },
    { "name": "listTodos", "description": "List all todos" },
    { "name": "completeTodo", "description": "Mark a todo as complete" },
    { "name": "deleteTodo", "description": "Delete a todo" }
  ],
  "tags": ["productivity", "storage"]
}
